{"loss": [0.6462751030921936, 0.5569660663604736, 0.5345585346221924, 0.5115661025047302, 0.4957226514816284, 0.4558708667755127, 0.4100630283355713, 0.39003780484199524, 0.3689476251602173, 0.3428524136543274, 0.3079427480697632, 0.31767258048057556, 0.2668239176273346, 0.24829545617103577, 0.2798318564891815, 0.23264244198799133], "accuracy": [0.7129367589950562, 0.7525967955589294, 0.7525967955589294, 0.7629839181900024, 0.7554296255111694, 0.7724268436431885, 0.8083097338676453, 0.8130311369895935, 0.8271954655647278, 0.8574126362800598, 0.8583569526672363, 0.8602455258369446, 0.8819640874862671, 0.9027384519577026, 0.8829084038734436, 0.8980169892311096], "val_loss": [0.6771697998046875, 0.6546340584754944, 0.7550049424171448, 0.5774201154708862, 0.5948066115379333, 0.5089405179023743, 0.450151652097702, 0.4058102071285248, 0.39152857661247253, 0.35560232400894165, 0.37953174114227295, 0.3428956866264343, 0.30459731817245483, 0.24708394706249237, 0.36637625098228455, 0.24998480081558228], "val_accuracy": [0.6335664391517639, 0.6335664391517639, 0.6335664391517639, 0.7356643080711365, 0.6433566212654114, 0.7286713123321533, 0.7930070161819458, 0.8209789991378784, 0.8391608595848083, 0.8517482280731201, 0.8083916306495667, 0.8461538553237915, 0.855944037437439, 0.9104894995689392, 0.8097901940345764, 0.8979020714759827]}